[
    {
      "doctor": "john",
      "city": "new york",
      "major": "cardiology"
    },
    {
      "doctor": "mary",
      "city": "los angeles",
      "major": "dermatology"
    },
    {
      "doctor": "peter",
      "city": "chicago",
      "major": "neurology"
    },
    {
      "doctor": "lucy",
      "city": "houston",
      "major": "radiology"
    },
    {
      "doctor": "mark",
      "city": "phoenix",
      "major": "orthopedics"
    },
    {
      "doctor": "emma",
      "city": "philadelphia",
      "major": "pediatrics"
    },
    {
      "doctor": "william",
      "city": "san antonio",
      "major": "ophthalmology"
    },
    {
      "doctor": "lily",
      "city": "san diego",
      "major": "oncology"
    },
    {
      "doctor": "michael",
      "city": "dallas",
      "major": "psychiatry"
    },
    {
      "doctor": "sarah",
      "city": "san jose",
      "major": "gynecology"
    }
  ]
  